{"cameraMode":{"drawMode":0,"name":"Shaded","section":"Shading Mode"},"sceneLighting":true,"audioPlay":false,"sceneViewState":{"m_AlwaysRefresh":false,"showFog":true,"showSkybox":true,"showFlares":true,"showImageEffects":true,"showParticleSystems":true,"showVisualEffectGraphs":true,"m_FxEnabled":true},"in2DMode":false,"pivot":{"x":1.2204883098602296,"y":1.3147363662719727,"z":0.3416033387184143},"rotation":{"x":0.06670132279396057,"y":0.7360173463821411,"z":-0.07336066663265228,"w":0.6697558164596558},"size":4.081321716308594,"orthographic":false}